Name,Easting,Northing,Elevation,Description,Longitude,Latitude,Ellipsoidal height,Easting RMS,Northing RMS,Elevation RMS,Lateral RMS,Antenna height,Antenna height units,Solution status,Averaging start,Averaging end,Samples,PDOP,Base easting,Base northing,Base elevation,Base longitude,Base latitude,Base ellipsoidal height,Baseline,CS name
1,,,,,71.58231108,39.65175486,3864.187,0.011,0.012,0.011,0.016,2.134,m,FIX,2022-07-26 11:34:33.1 UTC+06:00,2022-07-26 11:34:39.1 UTC+06:00,7,1.5,,,,71.58390014,39.65183881,3870.069,136.837,Global CS
2,,,,,71.58236852,39.65175892,3864.427,0.012,0.01,0.011,0.016,2.134,m,FIX,2022-07-26 11:35:02.1 UTC+06:00,2022-07-26 11:35:07.1 UTC+06:00,6,1.5,,,,71.58390014,39.65183881,3870.069,131.877,Global CS
3,,,,,71.58242481,39.65176578,3865.014,0.012,0.011,0.011,0.016,2.134,m,FIX,2022-07-26 11:35:25.2 UTC+06:00,2022-07-26 11:35:31.1 UTC+06:00,7,1.5,,,,71.58390014,39.65183881,3870.069,126.994,Global CS
4,,,,,71.58248217,39.65177111,3865.709,0.011,0.015,0.011,0.018,2.134,m,FIX,2022-07-26 11:35:54.1 UTC+06:00,2022-07-26 11:35:59.1 UTC+06:00,6,1.5,,,,71.58390014,39.65183881,3870.069,122.018,Global CS
5,,,,,71.58253849,39.65177701,3866.369,0.01,0.011,0.01,0.015,2.134,m,FIX,2022-07-26 11:36:19.1 UTC+06:00,2022-07-26 11:36:25.2 UTC+06:00,7,1.5,,,,71.58390014,39.65183881,3870.069,117.148,Global CS
6,,,,,71.58259683,39.65178218,3866.712,0.01,0.011,0.011,0.015,2.134,m,FIX,2022-07-26 11:36:42.1 UTC+06:00,2022-07-26 11:36:47.2 UTC+06:00,6,1.5,,,,71.58390014,39.65183881,3870.069,112.107,Global CS
7,,,,,71.58265425,39.65178763,3867.038,0.01,0.011,0.012,0.015,2.134,m,FIX,2022-07-26 11:37:03.1 UTC+06:00,2022-07-26 11:37:09.2 UTC+06:00,7,1.5,,,,71.58390014,39.65183881,3870.069,107.149,Global CS
8,,,,,71.58271191,39.65179294,3866.85,0.01,0.011,0.01,0.015,2.134,m,FIX,2022-07-26 11:37:24.1 UTC+06:00,2022-07-26 11:37:29.2 UTC+06:00,6,1.5,,,,71.58390014,39.65183881,3870.069,102.178,Global CS
9,,,,,71.5827698,39.65179711,3866.658,0.011,0.015,0.011,0.018,2.134,m,FIX,2022-07-26 11:37:43.2 UTC+06:00,2022-07-26 11:37:49.2 UTC+06:00,7,1.5,,,,71.58390014,39.65183881,3870.069,97.192,Global CS
10,,,,,71.58282903,39.65180133,3866.398,0.01,0.011,0.015,0.015,2.134,m,FIX,2022-07-26 11:38:05.2 UTC+06:00,2022-07-26 11:38:11.2 UTC+06:00,7,1.5,,,,71.58390014,39.65183881,3870.069,92.096,Global CS
11,,,,,71.58288551,39.65180542,3866.221,0.01,0.011,0.011,0.015,2.134,m,FIX,2022-07-26 11:38:28.1 UTC+06:00,2022-07-26 11:38:33.2 UTC+06:00,6,1.5,,,,71.58390014,39.65183881,3870.069,87.232,Global CS
12,,,,,71.58294362,39.65181003,3865.718,0.011,0.013,0.01,0.017,2.134,m,FIX,2022-07-26 11:38:51.2 UTC+06:00,2022-07-26 11:38:57.2 UTC+06:00,7,1.5,,,,71.58390014,39.65183881,3870.069,82.245,Global CS
13,,,,,71.58299977,39.65181425,3864.964,0.013,0.012,0.011,0.018,2.134,m,FIX,2022-07-26 11:39:19.2 UTC+06:00,2022-07-26 11:39:25.2 UTC+06:00,7,1.5,,,,71.58390014,39.65183881,3870.069,77.42,Global CS
14,,,,,71.58305718,39.65181856,3863.957,0.013,0.013,0.011,0.018,2.134,m,FIX,2022-07-26 11:39:51.2 UTC+06:00,2022-07-26 11:39:57.2 UTC+06:00,7,1.5,,,,71.58390014,39.65183881,3870.069,72.535,Global CS
15,,,,,71.58311255,39.65182273,3862.886,0.012,0.011,0.014,0.016,2.134,m,FIX,2022-07-26 11:40:15.2 UTC+06:00,2022-07-26 11:40:21.2 UTC+06:00,7,1.5,,,,71.58390014,39.65183881,3870.069,67.85,Global CS
16,,,,,71.58317116,39.65182687,3862.077,0.011,0.012,0.01,0.016,2.134,m,FIX,2022-07-26 11:40:48.1 UTC+06:00,2022-07-26 11:40:53.2 UTC+06:00,6,1.5,,,,71.58390014,39.65183881,3870.069,62.892,Global CS
17,,,,,71.58322766,39.65183252,3861.633,0.01,0.01,0.01,0.015,2.134,m,FIX,2022-07-26 11:41:15.2 UTC+06:00,2022-07-26 11:41:21.2 UTC+06:00,7,1.5,,,,71.58390014,39.65183881,3870.069,58.101,Global CS
18,,,,,71.58328542,39.65183696,3861.375,0.011,0.011,0.011,0.015,2.134,m,FIX,2022-07-26 11:41:38.1 UTC+06:00,2022-07-26 11:41:43.2 UTC+06:00,6,1.5,,,,71.58390014,39.65183881,3870.069,53.2,Global CS
19,,,,,71.58334293,39.65184213,3861.751,0.01,0.011,0.011,0.015,2.134,m,FIX,2022-07-26 11:41:58.1 UTC+06:00,2022-07-26 11:42:03.2 UTC+06:00,6,1.5,,,,71.58390014,39.65183881,3870.069,48.248,Global CS
20,,,,,71.5834002,39.65184508,3862.441,0.01,0.01,0.012,0.015,2.134,m,FIX,2022-07-26 11:42:25.2 UTC+06:00,2022-07-26 11:42:31.2 UTC+06:00,7,1.5,,,,71.58390014,39.65183881,3870.069,43.288,Global CS
21,,,,,71.58345728,39.65184953,3863.342,0.011,0.011,0.013,0.016,2.134,m,FIX,2022-07-26 11:42:59.2 UTC+06:00,2022-07-26 11:43:05.2 UTC+06:00,7,1.4,,,,71.58390014,39.65183881,3870.069,38.32,Global CS
22,,,,,71.5835148,39.65185361,3864.259,0.011,0.011,0.01,0.015,2.134,m,FIX,2022-07-26 11:43:28.1 UTC+06:00,2022-07-26 11:43:33.2 UTC+06:00,6,1.4,,,,71.58390014,39.65183881,3870.069,33.332,Global CS
23,,,,,71.58357076,39.65186141,3865.222,0.011,0.012,0.013,0.016,2.134,m,FIX,2022-07-26 11:43:51.2 UTC+06:00,2022-07-26 11:43:57.2 UTC+06:00,7,1.4,,,,71.58390014,39.65183881,3870.069,28.526,Global CS
24,,,,,71.58362798,39.65186587,3866.016,0.011,0.011,0.011,0.016,2.134,m,FIX,2022-07-26 11:44:20.1 UTC+06:00,2022-07-26 11:44:25.2 UTC+06:00,6,1.4,,,,71.58390014,39.65183881,3870.069,23.65,Global CS
25,,,,,71.58369802,39.65187317,3867.014,0.011,0.012,0.01,0.017,2.134,m,FIX,2022-07-26 11:44:43.2 UTC+06:00,2022-07-26 11:44:49.2 UTC+06:00,7,1.4,,,,71.58390014,39.65183881,3870.069,17.804,Global CS
26,,,,,71.58375372,39.65188503,3867.802,0.011,0.012,0.01,0.016,2.134,m,FIX,2022-07-26 11:45:05.2 UTC+06:00,2022-07-26 11:45:11.2 UTC+06:00,7,1.4,,,,71.58390014,39.65183881,3870.069,13.586,Global CS
27,,,,,71.58380796,39.65189713,3868.51,0.013,0.012,0.013,0.017,2.134,m,FIX,2022-07-26 11:45:26.2 UTC+06:00,2022-07-26 11:45:31.2 UTC+06:00,6,1.4,,,,71.58390014,39.65183881,3870.069,10.24,Global CS
28,,,,,71.5838627,39.65191427,3869.013,0.011,0.013,0.01,0.017,2.134,m,FIX,2022-07-26 11:45:52.2 UTC+06:00,2022-07-26 11:45:57.2 UTC+06:00,6,1.4,,,,71.58390014,39.65183881,3870.069,9.046,Global CS
29,,,,,71.58391582,39.65193067,3869.134,0.011,0.01,0.01,0.015,2.134,m,FIX,2022-07-26 11:46:18.2 UTC+06:00,2022-07-26 11:46:23.2 UTC+06:00,6,1.4,,,,71.58390014,39.65183881,3870.069,10.362,Global CS
30,,,,,71.58397092,39.65194548,3868.957,0.012,0.014,0.011,0.018,2.134,m,FIX,2022-07-26 11:46:42.2 UTC+06:00,2022-07-26 11:46:47.2 UTC+06:00,6,1.4,,,,71.58390014,39.65183881,3870.069,13.348,Global CS
31,,,,,71.58402627,39.65195878,3868.692,0.01,0.011,0.01,0.015,2.134,m,FIX,2022-07-26 11:47:03.2 UTC+06:00,2022-07-26 11:47:09.2 UTC+06:00,7,1.4,,,,71.58390014,39.65183881,3870.069,17.186,Global CS
32,,,,,71.58408068,39.65197605,3868.571,0.01,0.011,0.01,0.015,2.134,m,FIX,2022-07-26 11:47:25.2 UTC+06:00,2022-07-26 11:47:31.2 UTC+06:00,7,1.4,,,,71.58390014,39.65183881,3870.069,21.755,Global CS
33,,,,,71.5841341,39.65199313,3868.205,0.01,0.012,0.01,0.016,2.134,m,FIX,2022-07-26 11:47:53.2 UTC+06:00,2022-07-26 11:47:59.2 UTC+06:00,7,1.4,,,,71.58390014,39.65183881,3870.069,26.416,Global CS
34,,,,,71.58418676,39.65201179,3867.97,0.028,0.014,0.011,0.031,2.134,m,FIX,2022-07-26 11:48:25.2 UTC+06:00,2022-07-26 11:48:31.2 UTC+06:00,7,1.4,,,,71.58390014,39.65183881,3870.069,31.252,Global CS
35,,,,,71.58424049,39.65202735,3867.652,0.011,0.012,0.01,0.017,2.134,m,FIX,2022-07-26 11:49:01.2 UTC+06:00,2022-07-26 11:49:07.2 UTC+06:00,7,1.5,,,,71.58390014,39.65183881,3870.069,35.96,Global CS
36,,,,,71.58429389,39.65204514,3867.443,0.012,0.012,0.011,0.018,2.134,m,FIX,2022-07-26 11:49:26.2 UTC+06:00,2022-07-26 11:49:31.2 UTC+06:00,6,1.5,,,,71.58390014,39.65183881,3870.069,40.85,Global CS
37,,,,,71.58434724,39.65206352,3867.297,0.01,0.01,0.011,0.015,2.134,m,FIX,2022-07-26 11:49:49.2 UTC+06:00,2022-07-26 11:49:55.2 UTC+06:00,7,1.5,,,,71.58390014,39.65183881,3870.069,45.801,Global CS
38,,,,,71.58440179,39.65207886,3867.048,0.01,0.012,0.01,0.016,2.134,m,FIX,2022-07-26 11:50:10.2 UTC+06:00,2022-07-26 11:50:15.2 UTC+06:00,6,1.5,,,,71.58390014,39.65183881,3870.069,50.676,Global CS
39,,,,,71.58445738,39.65209431,3867.238,0.011,0.011,0.011,0.016,2.134,m,FIX,2022-07-26 11:50:29.2 UTC+06:00,2022-07-26 11:50:35.2 UTC+06:00,7,1.5,,,,71.58390014,39.65183881,3870.069,55.64,Global CS
40,,,,,71.5845109,39.65211024,3866.913,0.01,0.011,0.011,0.015,2.134,m,FIX,2022-07-26 11:50:57.2 UTC+06:00,2022-07-26 11:51:03.2 UTC+06:00,7,1.5,,,,71.58390014,39.65183881,3870.069,60.513,Global CS
41,,,,,71.58456582,39.65212629,3867.166,0.01,0.012,0.011,0.016,2.134,m,FIX,2022-07-26 11:51:19.2 UTC+06:00,2022-07-26 11:51:25.2 UTC+06:00,7,1.5,,,,71.58390014,39.65183881,3870.069,65.486,Global CS
42,,,,,71.58461972,39.65214288,3867.717,0.01,0.014,0.011,0.017,2.134,m,FIX,2022-07-26 11:51:48.2 UTC+06:00,2022-07-26 11:51:53.2 UTC+06:00,6,1.5,,,,71.58390014,39.65183881,3870.069,70.43,Global CS
43,,,,,71.58467194,39.65215857,3868.648,0.011,0.014,0.011,0.018,2.134,m,FIX,2022-07-26 11:52:13.2 UTC+06:00,2022-07-26 11:52:19.2 UTC+06:00,7,1.5,,,,71.58390014,39.65183881,3870.069,75.199,Global CS
44,,,,,71.5847213,39.65217355,3870.67,0.01,0.011,0.011,0.015,2.134,m,FIX,2022-07-26 11:52:58.2 UTC+06:00,2022-07-26 11:53:03.2 UTC+06:00,6,1.5,,,,71.58390014,39.65183881,3870.069,79.772,Global CS
45,,,,,71.58477536,39.65218882,3871.688,0.012,0.01,0.01,0.016,2.134,m,FIX,2022-07-26 11:53:23.2 UTC+06:00,2022-07-26 11:53:29.2 UTC+06:00,7,1.5,,,,71.58390014,39.65183881,3870.069,84.714,Global CS
46,,,,,71.58482265,39.65221191,3872.735,0.011,0.011,0.011,0.015,2.134,m,FIX,2022-07-26 11:53:49.2 UTC+06:00,2022-07-26 11:53:55.2 UTC+06:00,7,1.5,,,,71.58390014,39.65183881,3870.069,89.549,Global CS
47,,,,,71.58487109,39.65223371,3873.802,0.011,0.012,0.011,0.016,2.134,m,FIX,2022-07-26 11:54:20.2 UTC+06:00,2022-07-26 11:54:25.2 UTC+06:00,6,1.4,,,,71.58390014,39.65183881,3870.069,94.407,Global CS
48,,,,,71.58492224,39.65225506,3874.146,0.011,0.01,0.01,0.015,2.134,m,FIX,2022-07-26 11:54:50.2 UTC+06:00,2022-07-26 11:54:55.2 UTC+06:00,6,1.4,,,,71.58390014,39.65183881,3870.069,99.404,Global CS
49 Real,,,,,71.5849982,39.65228625,3879.034,0.029,0.035,0.011,0.045,2.134,m,FIX,2022-07-26 13:17:40.8 UTC+06:00,2022-07-26 13:17:45.8 UTC+06:00,6,1.8,,,,71.58391564,39.65184122,3874.381,105.485,Global CS
50 Real,,,,,71.58504299,39.65230709,3880.452,0.043,0.041,0.015,0.059,2.134,m,FIX,2022-07-26 13:18:04.8 UTC+06:00,2022-07-26 13:18:09.8 UTC+06:00,6,1.8,,,,71.58391564,39.65184122,3874.381,110.079,Global CS
51,,,,,71.58509334,39.65232877,3881.752,0.014,0.011,0.012,0.018,2.134,m,FIX,2022-07-26 13:18:37.8 UTC+06:00,2022-07-26 13:18:43.9 UTC+06:00,7,1.8,,,,71.58391564,39.65184122,3874.381,115.134,Global CS
52,,,,,71.58514486,39.65234806,3882.106,0.012,0.011,0.012,0.016,2.134,m,FIX,2022-07-26 13:19:01.8 UTC+06:00,2022-07-26 13:19:07.9 UTC+06:00,7,1.8,,,,71.58391564,39.65184122,3874.381,120.051,Global CS
53,,,,,71.58519426,39.65237013,3882.855,0.01,0.011,0.014,0.015,2.134,m,FIX,2022-07-26 13:19:31.9 UTC+06:00,2022-07-26 13:19:37.9 UTC+06:00,7,1.8,,,,71.58391564,39.65184122,3874.381,124.988,Global CS
54,,,,,71.58524461,39.65239159,3883.002,0.011,0.011,0.01,0.015,2.134,m,FIX,2022-07-26 13:19:51.9 UTC+06:00,2022-07-26 13:19:57.9 UTC+06:00,7,1.6,,,,71.58391564,39.65184122,3874.381,129.921,Global CS
55,,,,,71.58528589,39.65241663,3884.039,0.012,0.013,0.01,0.018,2.134,m,FIX,2022-07-26 13:20:15.9 UTC+06:00,2022-07-26 13:20:21.9 UTC+06:00,7,1.6,,,,71.58391564,39.65184122,3874.381,134.434,Global CS
56,,,,,71.58533444,39.65243338,3885.329,0.013,0.011,0.011,0.017,2.134,m,FIX,2022-07-26 13:20:41.9 UTC+06:00,2022-07-26 13:20:47.9 UTC+06:00,7,1.6,,,,71.58391564,39.65184122,3874.381,139.096,Global CS
57,,,,,71.58538397,39.65245625,3885.94,0.011,0.01,0.012,0.015,2.134,m,FIX,2022-07-26 13:21:02.8 UTC+06:00,2022-07-26 13:21:07.9 UTC+06:00,6,1.6,,,,71.58391564,39.65184122,3874.381,144.072,Global CS
58,,,,,71.58543726,39.65247387,3885.999,0.01,0.012,0.01,0.015,2.134,m,FIX,2022-07-26 13:21:30.9 UTC+06:00,2022-07-26 13:21:35.9 UTC+06:00,6,1.6,,,,71.58391564,39.65184122,3874.381,149.012,Global CS
59,,,,,71.58547837,39.65249054,3888.767,0.012,0.012,0.011,0.017,2.134,m,FIX,2022-07-26 13:22:01.9 UTC+06:00,2022-07-26 13:22:07.9 UTC+06:00,7,1.6,,,,71.58391564,39.65184122,3874.381,153.26,Global CS
60,,,,,71.5855264,39.65251303,3889.954,0.012,0.011,0.011,0.016,2.134,m,FIX,2022-07-26 13:22:40.8 UTC+06:00,2022-07-26 13:22:45.9 UTC+06:00,6,1.6,,,,71.58391564,39.65184122,3874.381,158.177,Global CS
61,,,,,71.58557995,39.65252907,3889.695,0.01,0.01,0.01,0.015,2.134,m,FIX,2022-07-26 13:23:08.8 UTC+06:00,2022-07-26 13:23:13.9 UTC+06:00,6,1.6,,,,71.58391564,39.65184122,3874.381,163.007,Global CS
62,,,,,71.58563613,39.6525428,3890.243,0.012,0.013,0.012,0.018,2.134,m,FIX,2022-07-26 13:23:40.9 UTC+06:00,2022-07-26 13:23:45.9 UTC+06:00,6,1.8,,,,71.58391564,39.65184122,3874.381,168.026,Global CS
63,,,,,71.58568608,39.65256587,3890.494,0.011,0.011,0.012,0.015,2.134,m,FIX,2022-07-26 13:24:11.9 UTC+06:00,2022-07-26 13:24:17.9 UTC+06:00,7,1.8,,,,71.58391564,39.65184122,3874.381,173.01,Global CS
64,,,,,71.58573084,39.65259487,3890.446,0.017,0.021,0.011,0.027,2.134,m,FIX,2022-07-26 13:24:37.9 UTC+06:00,2022-07-26 13:24:43.9 UTC+06:00,7,1.8,,,,71.58391564,39.65184122,3874.381,177.883,Global CS
65,,,,,71.58577796,39.65262081,3890.55,0.011,0.01,0.012,0.015,2.134,m,FIX,2022-07-26 13:25:09.9 UTC+06:00,2022-07-26 13:25:15.9 UTC+06:00,7,1.8,,,,71.58391564,39.65184122,3874.381,182.795,Global CS
66,,,,,71.58582247,39.65264758,3890.782,0.012,0.01,0.011,0.016,2.134,m,FIX,2022-07-26 13:25:35.9 UTC+06:00,2022-07-26 13:25:41.9 UTC+06:00,7,1.8,,,,71.58391564,39.65184122,3874.381,187.573,Global CS
67,,,,,71.58587088,39.65267121,3891.293,0.011,0.011,0.01,0.016,2.134,m,FIX,2022-07-26 13:26:10.9 UTC+06:00,2022-07-26 13:26:15.9 UTC+06:00,6,1.8,,,,71.58391564,39.65184122,3874.381,192.514,Global CS
68,,,,,71.58591825,39.65269688,3892.385,0.011,0.01,0.011,0.015,2.134,m,FIX,2022-07-26 13:26:35.9 UTC+06:00,2022-07-26 13:26:41.9 UTC+06:00,7,1.8,,,,71.58391564,39.65184122,3874.381,197.532,Global CS
69,,,,,71.58596304,39.65272444,3893.326,0.12,0.05,0.043,0.13,2.134,m,FIX,2022-07-26 13:27:05.9 UTC+06:00,2022-07-26 13:27:11.9 UTC+06:00,7,1.8,,,,71.58391564,39.65184122,3874.381,202.188,Global CS
70,,,,,71.58600875,39.65274921,3894.386,0.011,0.011,0.012,0.015,2.134,m,FIX,2022-07-26 13:27:30.9 UTC+06:00,2022-07-26 13:27:35.9 UTC+06:00,6,1.8,,,,71.58391564,39.65184122,3874.381,207.308,Global CS
71,,,,,71.58605288,39.65277579,3895.74,0.01,0.011,0.011,0.015,2.134,m,FIX,2022-07-26 13:27:59.9 UTC+06:00,2022-07-26 13:28:05.9 UTC+06:00,7,1.8,,,,71.58391564,39.65184122,3874.381,212.184,Global CS
