Name;Code;Easting;Northing;Elevation;Description;Longitude;Latitude;Ellipsoidal height;Easting RMS;Northing RMS;Elevation RMS;Lateral RMS;Antenna height;Antenna height units;Solution status;Averaging start;Averaging end;Samples;PDOP;Base easting;Base northing;Base elevation;Base longitude;Base latitude;Base ellipsoidal height;Baseline;CS name
E1;;;;;;77.76225361;41.77840165;3953.489;0.012;0.014;0.014;0.018;1.134;m;FIX;2023-07-12 09:31:59.0 UTC+06:00;2023-07-12 09:32:10.0 UTC+06:00;12;1.8;;;;77.76219991;41.77840409;3953.561;4.604;Global CS
E2;;;;;;77.76223917;41.77835895;3953.63;0.012;0.011;0.011;0.017;1.134;m;FIX;2023-07-12 09:32:31.0 UTC+06:00;2023-07-12 09:32:42.0 UTC+06:00;12;1.4;;;;77.76219991;41.77840409;3953.561;6.118;Global CS
E3;;;;;;77.76222591;41.77831483;3954.014;0.012;0.012;0.012;0.017;1.134;m;FIX;2023-07-12 09:33:21.0 UTC+06:00;2023-07-12 09:33:32.0 UTC+06:00;12;1.4;;;;77.76219991;41.77840409;3953.561;10.276;Global CS
E4;;;;;;77.76221634;41.77827332;3955.714;0.013;0.012;0.014;0.017;1.134;m;FIX;2023-07-12 09:34:01.0 UTC+06:00;2023-07-12 09:34:12.0 UTC+06:00;12;1.4;;;;77.76219991;41.77840409;3953.561;14.973;Global CS
E5;;;;;;77.76220162;41.7782333;3956.962;0.012;0.016;0.011;0.02;1.134;m;FIX;2023-07-12 09:34:35.0 UTC+06:00;2023-07-12 09:34:45.0 UTC+06:00;11;1.4;;;;77.76219991;41.77840409;3953.561;19.513;Global CS
E6;;;;;;77.76218655;41.77819157;3958.779;0.015;0.019;0.011;0.024;1.134;m;FIX;2023-07-12 09:35:08.0 UTC+06:00;2023-07-12 09:35:18.0 UTC+06:00;11;1.4;;;;77.76219991;41.77840409;3953.561;24.5;Global CS
E7;;;;;;77.76217471;41.77814968;3960.262;0.012;0.012;0.012;0.017;1.134;m;FIX;2023-07-12 09:35:48.0 UTC+06:00;2023-07-12 09:35:59.0 UTC+06:00;12;1.4;;;;77.76219991;41.77840409;3953.561;29.422;Global CS
E8;;;;;;77.76216713;41.77810662;3961.641;0.012;0.012;0.011;0.017;1.134;m;FIX;2023-07-12 09:36:25.0 UTC+06:00;2023-07-12 09:36:36.0 UTC+06:00;12;1.4;;;;77.76219991;41.77840409;3953.561;34.419;Global CS
E9;;;;;;77.76214892;41.77806801;3963.739;0.011;0.012;0.014;0.016;1.134;m;FIX;2023-07-12 09:37:08.0 UTC+06:00;2023-07-12 09:37:18.0 UTC+06:00;11;1.4;;;;77.76219991;41.77840409;3953.561;39.259;Global CS
E10;;;;;;77.76213412;41.77802773;3965.348;0.011;0.011;0.013;0.015;1.134;m;FIX;2023-07-12 09:37:41.0 UTC+06:00;2023-07-12 09:37:51.0 UTC+06:00;11;1.4;;;;77.76219991;41.77840409;3953.561;44.119;Global CS
E11;;;;;;77.7621174;41.77798672;3966.967;0.013;0.011;0.012;0.017;1.134;m;FIX;2023-07-12 09:38:12.0 UTC+06:00;2023-07-12 09:38:22.0 UTC+06:00;11;1.4;;;;77.76219991;41.77840409;3953.561;49.095;Global CS
E12;;;;;;77.76210452;41.77794561;3968.209;0.015;0.011;0.018;0.019;1.134;m;FIX;2023-07-12 09:38:41.0 UTC+06:00;2023-07-12 09:38:51.0 UTC+06:00;11;1.4;;;;77.76219991;41.77840409;3953.561;53.927;Global CS
E13;;;;;;77.76208924;41.7779031;3968.937;0.012;0.01;0.012;0.016;1.134;m;FIX;2023-07-12 09:39:10.0 UTC+06:00;2023-07-12 09:39:21.0 UTC+06:00;12;1.4;;;;77.76219991;41.77840409;3953.561;58.803;Global CS
E14;G1;RST;;;;77.76207643;41.77785882;3969.187;0.012;0.011;0.013;0.016;1.134;m;FIX;2023-07-12 09:39:36.0 UTC+06:00;2023-07-12 09:39:47.0 UTC+06:00;12;1.5;;;;77.76219991;41.77840409;3953.561;63.704;Global CS
E15;G2;;;;;77.76205903;41.77781458;3969.241;0.011;0.011;0.013;0.015;1.134;m;FIX;2023-07-12 09:40:06.0 UTC+06:00;2023-07-12 09:40:17.0 UTC+06:00;12;1.5;;;;77.76219991;41.77840409;3953.561;68.65;Global CS
E16;G3;;;;;77.76204725;41.77777141;3969.105;0.015;0.011;0.012;0.018;1.134;m;FIX;2023-07-12 09:40:34.0 UTC+06:00;2023-07-12 09:40:44.0 UTC+06:00;11;1.5;;;;77.76219991;41.77840409;3953.561;73.369;Global CS
E17;G4;;;;;77.76203397;41.77772739;3968.853;0.014;0.012;0.01;0.018;1.134;m;FIX;2023-07-12 09:41:06.0 UTC+06:00;2023-07-12 09:41:17.2 UTC+06:00;12;1.5;;;;77.76219991;41.77840409;3953.561;78.203;Global CS
E18;G5;;;;;77.76202771;41.7776841;3968.564;0.011;0.011;0.011;0.015;1.134;m;FIX;2023-07-12 09:41:48.0 UTC+06:00;2023-07-12 09:41:58.0 UTC+06:00;11;1.5;;;;77.76219991;41.77840409;3953.561;82.867;Global CS
E19;G6;;;;;77.76201167;41.77764013;3968.646;0.011;0.011;0.011;0.016;1.134;m;FIX;2023-07-12 09:42:16.0 UTC+06:00;2023-07-12 09:42:27.0 UTC+06:00;12;1.5;;;;77.76219991;41.77840409;3953.561;87.851;Global CS
E20;G7;;;;;77.76199332;41.77759682;3968.685;0.013;0.016;0.012;0.021;1.134;m;FIX;2023-07-12 09:42:49.0 UTC+06:00;2023-07-12 09:42:59.0 UTC+06:00;11;1.5;;;;77.76219991;41.77840409;3953.561;92.811;Global CS
E21;G8;;;;;77.76197982;41.77755334;3968.615;0.011;0.011;0.013;0.015;1.134;m;FIX;2023-07-12 09:43:27.0 UTC+06:00;2023-07-12 09:43:37.0 UTC+06:00;11;1.5;;;;77.76219991;41.77840409;3953.561;97.658;Global CS
E22;G9;;;;;77.76195649;41.77751213;3968.763;0.013;0.015;0.014;0.019;1.134;m;FIX;2023-07-12 09:44:06.0 UTC+06:00;2023-07-12 09:44:17.0 UTC+06:00;12;1.5;;;;77.76219991;41.77840409;3953.561;102.489;Global CS
E23;G10;;;;;77.76193782;41.77746943;3968.747;0.013;0.012;0.014;0.018;1.134;m;FIX;2023-07-12 09:44:45.0 UTC+06:00;2023-07-12 09:44:56.0 UTC+06:00;12;1.5;;;;77.76219991;41.77840409;3953.561;107.382;Global CS
E24;G11;;;;;77.76191772;41.77742626;3968.501;0.013;0.01;0.01;0.017;1.134;m;FIX;2023-07-12 09:45:21.0 UTC+06:00;2023-07-12 09:45:32.0 UTC+06:00;12;1.5;;;;77.76219991;41.77840409;3953.561;112.338;Global CS
E25;G12;;;;;77.76189293;41.77737818;3968.277;0.011;0.011;0.01;0.016;1.134;m;FIX;2023-07-12 09:46:20.0 UTC+06:00;2023-07-12 09:46:30.0 UTC+06:00;11;1.9;;;;77.76219991;41.77840409;3953.561;117.91;Global CS
E26;G13;;;;;77.7618726;41.77733649;3967.919;0.012;0.011;0.011;0.016;1.134;m;FIX;2023-07-12 09:46:56.0 UTC+06:00;2023-07-12 09:47:07.0 UTC+06:00;12;1.5;;;;77.76219991;41.77840409;3953.561;122.717;Global CS
E27;G14;;;;;77.76185781;41.77729472;3967.144;0.011;0.011;0.015;0.015;1.134;m;FIX;2023-07-12 09:47:42.0 UTC+06:00;2023-07-12 09:47:53.0 UTC+06:00;12;1.5;;;;77.76219991;41.77840409;3953.561;127.382;Global CS
E28;G15;;;;;77.76183116;41.77725475;3966.622;0.011;0.011;0.013;0.015;1.134;m;FIX;2023-07-12 09:48:41.0 UTC+06:00;2023-07-12 09:48:52.0 UTC+06:00;12;1.5;;;;77.76219991;41.77840409;3953.561;132.135;Global CS
E29;G16;;;;;77.76180655;41.77721148;3965.525;0.012;0.011;0.013;0.016;1.134;m;FIX;2023-07-12 09:49:12.0 UTC+06:00;2023-07-12 09:49:23.0 UTC+06:00;12;1.5;;;;77.76219991;41.77840409;3953.561;137.143;Global CS
E30;G17;;;;;77.76178428;41.77717331;3964.318;0.011;0.011;0.01;0.016;1.134;m;FIX;2023-07-12 09:49:42.0 UTC+06:00;2023-07-12 09:49:52.0 UTC+06:00;11;1.5;;;;77.76219991;41.77840409;3953.561;141.587;Global CS
E31;G18;;;;;77.76175994;41.77713309;3963.146;0.01;0.01;0.011;0.014;1.134;m;FIX;2023-07-12 09:50:13.0 UTC+06:00;2023-07-12 09:50:15.0 UTC+06:00;3;1.5;;;;77.76219991;41.77840409;3953.561;146.314;Global CS
E32;G19;;;;;77.76173493;41.7770939;3962.228;0.011;0.012;0.011;0.016;1.134;m;FIX;2023-07-12 09:51:18.0 UTC+06:00;2023-07-12 09:51:29.0 UTC+06:00;12;1.5;;;;77.76219991;41.77840409;3953.561;150.981;Global CS
E33;G20;;;;;77.76171369;41.77704959;3961.785;0.011;0.012;0.011;0.016;1.134;m;FIX;2023-07-12 09:51:50.0 UTC+06:00;2023-07-12 09:52:00.0 UTC+06:00;11;1.5;;;;77.76219991;41.77840409;3953.561;156.167;Global CS
E34;G21;;;;;77.76169231;41.77700967;3961.742;0.011;0.01;0.014;0.015;1.134;m;FIX;2023-07-12 09:52:23.0 UTC+06:00;2023-07-12 09:52:34.0 UTC+06:00;12;1.5;;;;77.76219991;41.77840409;3953.561;160.895;Global CS
E35;G22;;;;;77.76166691;41.776971;3962.032;0.011;0.011;0.012;0.016;1.134;m;FIX;2023-07-12 09:53:12.0 UTC+06:00;2023-07-12 09:53:23.0 UTC+06:00;12;1.5;;;;77.76219991;41.77840409;3953.561;165.615;Global CS
E36;G23;;;;;77.76164269;41.77692815;3962.276;0.013;0.01;0.016;0.016;1.134;m;FIX;2023-07-12 09:53:45.0 UTC+06:00;2023-07-12 09:53:56.0 UTC+06:00;12;1.5;;;;77.76219991;41.77840409;3953.561;170.738;Global CS
E37;G24;;;;;77.76162348;41.77688474;3962.246;0.01;0.01;0.013;0.014;1.134;m;FIX;2023-07-12 09:54:21.0 UTC+06:00;2023-07-12 09:54:31.0 UTC+06:00;11;1.5;;;;77.76219991;41.77840409;3953.561;175.805;Global CS
E38;;;;;;77.76160255;41.77684407;3962.174;0.011;0.01;0.016;0.015;1.134;m;FIX;2023-07-12 09:54:53.0 UTC+06:00;2023-07-12 09:55:03.0 UTC+06:00;11;1.9;;;;77.76219991;41.77840409;3953.561;180.622;Global CS
E39;;;;;;77.76158227;41.77680091;3961.68;0.01;0.01;0.011;0.015;1.134;m;FIX;2023-07-12 09:55:23.0 UTC+06:00;2023-07-12 09:55:33.0 UTC+06:00;11;1.5;;;;77.76219991;41.77840409;3953.561;185.666;Global CS
E40;;;;;;77.76156556;41.77676028;3960.871;0.013;0.012;0.03;0.018;1.134;m;FIX;2023-07-12 09:56:00.0 UTC+06:00;2023-07-12 09:56:11.0 UTC+06:00;12;1.5;;;;77.76219991;41.77840409;3953.561;190.338;Global CS
E41;;;;;;77.76154659;41.77671735;3960.061;0.011;0.01;0.013;0.015;1.134;m;FIX;2023-07-12 09:56:38.0 UTC+06:00;2023-07-12 09:56:48.0 UTC+06:00;11;1.5;;;;77.76219991;41.77840409;3953.561;195.334;Global CS
E42;;;;;;77.76152773;41.77667411;3959.136;0.011;0.013;0.011;0.017;1.134;m;FIX;2023-07-12 09:57:17.0 UTC+06:00;2023-07-12 09:57:27.0 UTC+06:00;11;1.5;;;;77.76219991;41.77840409;3953.561;200.345;Global CS
E43;;;;;;77.76150844;41.77663062;3958.264;0.011;0.012;0.011;0.017;1.134;m;FIX;2023-07-12 09:57:58.0 UTC+06:00;2023-07-12 09:58:09.0 UTC+06:00;12;1.4;;;;77.76219991;41.77840409;3953.561;205.406;Global CS
E44;;;;;;77.76149222;41.7765898;3957.205;0.012;0.012;0.011;0.017;1.134;m;FIX;2023-07-12 09:58:31.0 UTC+06:00;2023-07-12 09:58:42.0 UTC+06:00;12;1.4;;;;77.76219991;41.77840409;3953.561;210.112;Global CS
E45;;;;;;77.7614698;41.7765519;3955.81;0.011;0.011;0.012;0.015;1.134;m;FIX;2023-07-12 09:59:10.0 UTC+06:00;2023-07-12 09:59:20.0 UTC+06:00;11;1.4;;;;77.76219991;41.77840409;3953.561;214.648;Global CS
E46;;;;;;77.76145336;41.77651197;3954.186;0.01;0.012;0.011;0.016;1.134;m;FIX;2023-07-12 09:59:47.0 UTC+06:00;2023-07-12 09:59:57.0 UTC+06:00;11;1.4;;;;77.76219991;41.77840409;3953.561;219.276;Global CS
E47;;;;;;77.76142716;41.77647041;3952.696;0.011;0.011;0.011;0.016;1.134;m;FIX;2023-07-12 10:00:23.0 UTC+06:00;2023-07-12 10:00:33.0 UTC+06:00;11;1.4;;;;77.76219991;41.77840409;3953.561;224.32;Global CS
E48;;;;;;77.76141007;41.77643179;3951.283;0.011;0.011;0.013;0.016;1.134;m;FIX;2023-07-12 10:00:59.0 UTC+06:00;2023-07-12 10:01:10.0 UTC+06:00;12;1.4;;;;77.76219991;41.77840409;3953.561;228.846;Global CS
