Name;Code;Easting;Northing;Elevation;Description;Longitude;Latitude;Ellipsoidal height;Origin;Easting RMS;Northing RMS;Elevation RMS;Lateral RMS;Antenna height;Antenna height units;Solution status;Averaging start;Averaging end;Samples;PDOP;Base easting;Base northing;Base elevation;Base longitude;Base latitude;Base ellipsoidal height;Baseline;CS name
E1;;;;;;73.01513076;38.88429599;4522.453;Global;0.015;0.013;0.011;0.02;1.134;m;FIX;2023-08-11 11:06:44.0 UTC+02:00;2023-08-11 11:06:54.0 UTC+02:00;51;1.6;;;;73.01505603;38.88419963;4522.323;12.585;Global CS
E2;;;;;;73.01517972;38.88431955;4522.937;Global;0.016;0.015;0.011;0.021;1.134;m;FIX;2023-08-11 11:07:25.4 UTC+02:00;2023-08-11 11:07:35.4 UTC+02:00;51;1.6;;;;73.01505603;38.88419963;4522.323;17.192;Global CS
E3;;;;;;73.01522825;38.88434274;4523.366;Global;0.014;0.013;0.013;0.019;1.134;m;FIX;2023-08-11 11:07:47.0 UTC+02:00;2023-08-11 11:07:57.0 UTC+02:00;51;1.6;;;;73.01505603;38.88419963;4522.323;21.92;Global CS
E4;;;;;;73.01527597;38.88436658;4524.146;Global;0.011;0.014;0.011;0.018;1.134;m;FIX;2023-08-11 11:08:06.4 UTC+02:00;2023-08-11 11:08:16.4 UTC+02:00;51;1.6;;;;73.01505603;38.88419963;4522.323;26.79;Global CS
E5;;;;;;73.01532285;38.88439247;4524.559;Global;0.011;0.012;0.016;0.016;1.134;m;FIX;2023-08-11 11:08:25.0 UTC+02:00;2023-08-11 11:08:35.0 UTC+02:00;51;1.6;;;;73.01505603;38.88419963;4522.323;31.727;Global CS
E6;;;;;;73.01536941;38.88441797;4525.216;Global;0.012;0.012;0.01;0.017;1.134;m;FIX;2023-08-11 11:08:56.0 UTC+02:00;2023-08-11 11:09:06.0 UTC+02:00;51;1.6;;;;73.01505603;38.88419963;4522.323;36.681;Global CS
E7;;;;;;73.01541575;38.88444493;4525.519;Global;0.012;0.014;0.011;0.018;1.134;m;FIX;2023-08-11 11:09:14.4 UTC+02:00;2023-08-11 11:09:24.4 UTC+02:00;51;1.5;;;;73.01505603;38.88419963;4522.323;41.684;Global CS
E8;;;;;;73.01546222;38.88446929;4526.095;Global;0.011;0.011;0.013;0.016;1.134;m;FIX;2023-08-11 11:09:34.6 UTC+02:00;2023-08-11 11:09:44.6 UTC+02:00;51;1.4;;;;73.01505603;38.88419963;4522.323;46.54;Global CS
E9;;;;;;73.01551033;38.88449443;4526.602;Global;0.011;0.011;0.012;0.016;1.134;m;FIX;2023-08-11 11:09:56.0 UTC+02:00;2023-08-11 11:10:06.0 UTC+02:00;51;1.4;;;;73.01505603;38.88419963;4522.323;51.549;Global CS
E10;;;;;;73.0155604;38.8845176;4527.266;Global;0.01;0.013;0.011;0.016;1.134;m;FIX;2023-08-11 11:10:17.0 UTC+02:00;2023-08-11 11:10:27.0 UTC+02:00;51;1.4;;;;73.01505603;38.88419963;4522.323;56.596;Global CS
E11;;;;;;73.01560458;38.88454527;4527.801;Global;0.011;0.012;0.011;0.016;1.134;m;FIX;2023-08-11 11:10:36.2 UTC+02:00;2023-08-11 11:10:46.2 UTC+02:00;51;1.4;;;;73.01505603;38.88419963;4522.323;61.529;Global CS
E12;;;;;;73.01565128;38.88457142;4528.426;Global;0.011;0.012;0.011;0.017;1.134;m;FIX;2023-08-11 11:10:55.8 UTC+02:00;2023-08-11 11:11:05.8 UTC+02:00;51;1.4;;;;73.01505603;38.88419963;4522.323;66.554;Global CS
E13;;;;;;73.01569587;38.88459903;4528.491;Global;0.012;0.012;0.012;0.017;1.134;m;FIX;2023-08-11 11:11:16.6 UTC+02:00;2023-08-11 11:11:26.6 UTC+02:00;51;1.4;;;;73.01505603;38.88419963;4522.323;71.466;Global CS
E14;;;;;;73.01574461;38.88462506;4529.121;Global;0.013;0.012;0.011;0.017;1.134;m;FIX;2023-08-11 11:11:41.0 UTC+02:00;2023-08-11 11:11:51.0 UTC+02:00;51;1.5;;;;73.01505603;38.88419963;4522.323;76.628;Global CS
E15;;;;;;73.01578957;38.88465215;4529.574;Global;0.013;0.015;0.011;0.02;1.134;m;FIX;2023-08-11 11:12:01.2 UTC+02:00;2023-08-11 11:12:11.2 UTC+02:00;51;1.4;;;;73.01505603;38.88419963;4522.323;81.564;Global CS
E16;;;;;;73.01583569;38.88467828;4530.224;Global;0.011;0.01;0.011;0.015;1.134;m;FIX;2023-08-11 11:12:22.0 UTC+02:00;2023-08-11 11:12:32.0 UTC+02:00;51;1.4;;;;73.01505603;38.88419963;4522.323;86.547;Global CS
E17;;;;;;73.01587965;38.88470325;4530.667;Global;0.012;0.01;0.01;0.016;1.134;m;FIX;2023-08-11 11:12:41.0 UTC+02:00;2023-08-11 11:12:51.0 UTC+02:00;51;1.4;;;;73.01505603;38.88419963;4522.323;91.301;Global CS
E18;;;;;;73.01592371;38.8847336;4531.666;Global;0.012;0.012;0.012;0.017;1.134;m;FIX;2023-08-11 11:13:01.4 UTC+02:00;2023-08-11 11:13:11.4 UTC+02:00;51;1.4;;;;73.01505603;38.88419963;4522.323;96.45;Global CS
E19;;;;;;73.01596611;38.88476085;4532.706;Global;0.014;0.013;0.011;0.019;1.134;m;FIX;2023-08-11 11:13:21.4 UTC+02:00;2023-08-11 11:13:31.4 UTC+02:00;51;1.4;;;;73.01505603;38.88419963;4522.323;101.317;Global CS
E20;;;;;;73.01601255;38.88478962;4533.812;Global;0.022;0.013;0.011;0.025;1.134;m;FIX;2023-08-11 11:13:44.2 UTC+02:00;2023-08-11 11:13:54.2 UTC+02:00;51;1.4;;;;73.01505603;38.88419963;4522.323;106.556;Global CS
E21;;;;;;73.01605364;38.88481735;4534.834;Global;0.011;0.011;0.011;0.016;1.134;m;FIX;2023-08-11 11:14:04.6 UTC+02:00;2023-08-11 11:14:14.6 UTC+02:00;51;1.4;;;;73.01505603;38.88419963;4522.323;111.349;Global CS
E22;;;;;;73.01609709;38.88484536;4535.933;Global;0.011;0.012;0.011;0.016;1.134;m;FIX;2023-08-11 11:14:25.6 UTC+02:00;2023-08-11 11:14:35.6 UTC+02:00;51;1.4;;;;73.01505603;38.88419963;4522.323;116.347;Global CS
E23;;;;;;73.01613888;38.8848745;4536.939;Global;0.011;0.011;0.011;0.016;1.134;m;FIX;2023-08-11 11:14:46.0 UTC+02:00;2023-08-11 11:14:56.0 UTC+02:00;51;1.4;;;;73.01505603;38.88419963;4522.323;121.275;Global CS
E24;;;;;;73.01618234;38.88490233;4538.088;Global;0.012;0.012;0.011;0.017;1.134;m;FIX;2023-08-11 11:15:06.4 UTC+02:00;2023-08-11 11:15:16.4 UTC+02:00;51;1.4;;;;73.01505603;38.88419963;4522.323;126.273;Global CS
E25;;;;;;73.01622857;38.88493114;4539.013;Global;0.018;0.012;0.012;0.021;1.134;m;FIX;2023-08-11 11:17:08.4 UTC+02:00;2023-08-11 11:17:18.4 UTC+02:00;51;1.4;;;;73.01505603;38.88419963;4522.323;131.492;Global CS
E26;;;;;;73.0162648;38.88496512;4539.524;Global;0.012;0.012;0.011;0.017;1.134;m;FIX;2023-08-11 11:17:27.6 UTC+02:00;2023-08-11 11:17:37.6 UTC+02:00;51;1.4;;;;73.01505603;38.88419963;4522.323;136.324;Global CS
E27;;;;;;73.0163012;38.88499811;4540.154;Global;0.011;0.013;0.01;0.017;1.134;m;FIX;2023-08-11 11:17:47.6 UTC+02:00;2023-08-11 11:17:57.6 UTC+02:00;51;1.4;;;;73.01505603;38.88419963;4522.323;141.133;Global CS
E28;;;;;;73.01634072;38.8850301;4540.919;Global;0.012;0.012;0.011;0.017;1.134;m;FIX;2023-08-11 11:18:07.6 UTC+02:00;2023-08-11 11:18:17.6 UTC+02:00;51;1.4;;;;73.01505603;38.88419963;4522.323;146.087;Global CS
E29;;;;;;73.01637999;38.88506143;4541.476;Global;0.013;0.02;0.012;0.024;1.134;m;FIX;2023-08-11 11:18:26.8 UTC+02:00;2023-08-11 11:18:36.8 UTC+02:00;51;1.4;;;;73.01505603;38.88419963;4522.323;151;Global CS
E30;;;;;;73.01642298;38.88509406;4542.266;Global;0.015;0.014;0.01;0.02;1.134;m;FIX;2023-08-11 11:19:11.4 UTC+02:00;2023-08-11 11:19:21.4 UTC+02:00;51;1.4;;;;73.01505603;38.88419963;4522.323;156.234;Global CS
E31;;;;;;73.01646507;38.88512398;4543.036;Global;0.011;0.016;0.01;0.02;1.134;m;FIX;2023-08-11 11:19:34.0 UTC+02:00;2023-08-11 11:19:44.0 UTC+02:00;51;1.4;;;;73.01505603;38.88419963;4522.323;161.226;Global CS
E32;;;;;;73.01650303;38.88515614;4543.81;Global;0.013;0.014;0.011;0.019;1.134;m;FIX;2023-08-11 11:19:57.6 UTC+02:00;2023-08-11 11:20:07.6 UTC+02:00;51;1.4;;;;73.01505603;38.88419963;4522.323;166.113;Global CS
E33;;;;;;73.01653912;38.88519091;4544.532;Global;0.013;0.014;0.011;0.019;1.134;m;FIX;2023-08-11 11:20:20.6 UTC+02:00;2023-08-11 11:20:30.6 UTC+02:00;51;1.4;;;;73.01505603;38.88419963;4522.323;171.035;Global CS
E34;;;;;;73.01657474;38.8852261;4545.163;Global;0.012;0.014;0.011;0.018;1.134;m;FIX;2023-08-11 11:20:42.4 UTC+02:00;2023-08-11 11:20:52.4 UTC+02:00;51;1.3;;;;73.01505603;38.88419963;4522.323;175.98;Global CS
E35;;;;;;73.01661573;38.8852584;4545.883;Global;0.013;0.022;0.011;0.026;1.134;m;FIX;2023-08-11 11:21:04.8 UTC+02:00;2023-08-11 11:21:14.8 UTC+02:00;51;1.3;;;;73.01505603;38.88419963;4522.323;181.043;Global CS
E36;;;;;;73.01665182;38.88529284;4546.257;Global;0.012;0.014;0.011;0.018;1.134;m;FIX;2023-08-11 11:21:28.8 UTC+02:00;2023-08-11 11:21:38.8 UTC+02:00;51;1.3;;;;73.01505603;38.88419963;4522.323;185.948;Global CS
E37;;;;;;73.01669014;38.88532629;4546.569;Global;0.011;0.012;0.011;0.017;1.134;m;FIX;2023-08-11 11:21:52.2 UTC+02:00;2023-08-11 11:22:02.2 UTC+02:00;51;1.3;;;;73.01505603;38.88419963;4522.323;190.897;Global CS
E38;;;;;;73.016729;38.88536033;4546.648;Global;0.013;0.011;0.011;0.017;1.134;m;FIX;2023-08-11 11:22:59.0 UTC+02:00;2023-08-11 11:23:09.0 UTC+02:00;51;1.3;;;;73.01505603;38.88419963;4522.323;195.9;Global CS
E39;;;;;;73.01676363;38.88539578;4546.624;Global;0.011;0.011;0.011;0.015;1.134;m;FIX;2023-08-11 11:23:24.8 UTC+02:00;2023-08-11 11:23:34.8 UTC+02:00;51;1.3;;;;73.01505603;38.88419963;4522.323;200.708;Global CS
E40;;;;;;73.01680161;38.88542946;4546.839;Global;0.011;0.012;0.011;0.017;1.134;m;FIX;2023-08-11 11:23:52.4 UTC+02:00;2023-08-11 11:24:02.4 UTC+02:00;51;1.3;;;;73.01505603;38.88419963;4522.323;205.651;Global CS
E41;;;;;;73.0168384;38.88546239;4547.088;Global;0.011;0.013;0.011;0.017;1.134;m;FIX;2023-08-11 11:24:19.4 UTC+02:00;2023-08-11 11:24:29.4 UTC+02:00;51;1.3;;;;73.01505603;38.88419963;4522.323;210.478;Global CS
E42;;;;;;73.01687491;38.88549545;4547.467;Global;0.013;0.011;0.012;0.017;1.134;m;FIX;2023-08-11 11:24:46.0 UTC+02:00;2023-08-11 11:24:56.0 UTC+02:00;51;1.3;;;;73.01505603;38.88419963;4522.323;215.304;Global CS
E43;;;;;;73.01691363;38.88553029;4548.112;Global;0.011;0.011;0.011;0.016;1.134;m;FIX;2023-08-11 11:25:13.2 UTC+02:00;2023-08-11 11:25:23.2 UTC+02:00;51;1.3;;;;73.01505603;38.88419963;4522.323;220.434;Global CS
E44;;;;;;73.01695087;38.8855599;4549.117;Global;0.011;0.013;0.011;0.017;1.134;m;FIX;2023-08-11 11:25:38.8 UTC+02:00;2023-08-11 11:25:48.8 UTC+02:00;51;1.3;;;;73.01505603;38.88419963;4522.323;225.131;Global CS
E45;;;;;;73.01698663;38.88559603;4549.682;Global;0.012;0.012;0.01;0.017;1.134;m;FIX;2023-08-11 11:26:08.2 UTC+02:00;2023-08-11 11:26:18.2 UTC+02:00;51;1.3;;;;73.01505603;38.88419963;4522.323;230.17;Global CS
E46;;;;;;73.01702641;38.88563182;4550.486;Global;0.012;0.012;0.011;0.017;1.134;m;FIX;2023-08-11 11:26:40.6 UTC+02:00;2023-08-11 11:26:50.6 UTC+02:00;51;1.3;;;;73.01505603;38.88419963;4522.323;235.467;Global CS
E47;;;;;;73.01706453;38.88566516;4551.004;Global;0.011;0.012;0.01;0.017;1.134;m;FIX;2023-08-11 11:27:09.0 UTC+02:00;2023-08-11 11:27:19.0 UTC+02:00;51;1.3;;;;73.01505603;38.88419963;4522.323;240.446;Global CS
E48;;;;;;73.01710379;38.88569461;4551.168;Global;0.01;0.011;0.01;0.015;1.134;m;FIX;2023-08-11 11:27:58.2 UTC+02:00;2023-08-11 11:28:08.2 UTC+02:00;51;1.3;;;;73.01505603;38.88419963;4522.323;245.145;Global CS
